evacuationTime,averageReactionTime,wrongDecisions,correctDecisions,safetyViolations,hazardsDetected,hazardsIgnored,victimsRescued,objectivesCompleted,performanceScore
262.2516641775758,2.666196359547577,3,3,2,6,7,7,2,70.01
573.3857254613547,5.877108526405223,6,4,5,6,7,0,1,0.0
455.2767285781587,8.856512522887675,2,7,2,0,6,1,9,50.63
383.2755814663998,7.590023977686051,6,13,1,5,4,7,6,85.04
144.2500658389157,8.259050330753048,3,3,0,8,6,8,8,100.0
144.23704098154943,6.929050300396456,5,9,0,1,4,3,0,62.48
91.36515057082771,7.230489080660672,7,8,5,2,5,9,2,36.52
527.735118718465,8.642760864087872,1,4,0,9,1,9,4,100.0
384.6021063413327,3.2470120797326736,7,13,2,4,2,8,2,78.04
442.35919200986456,5.404824672788264,7,1,3,8,4,3,0,16.86
71.11562691973332,2.99088497637642,5,1,2,3,6,9,6,73.58
583.7513201674769,9.889012071969823,6,1,3,0,6,9,6,26.1
509.5190260322277,9.49653405717952,1,1,1,3,0,9,9,100.0
174.66311976626912,1.354841302316553,0,8,4,5,6,8,7,100.0
158.18548229183432,7.350176552641196,4,3,3,4,1,6,4,74.21
159.03843532085426,9.327234856740992,5,6,0,0,3,1,9,79.65
224.29081119815038,2.6251781061460018,3,3,2,3,3,8,4,92.11
343.3684730814084,6.111507074973665,0,11,1,5,6,3,4,89.15
293.2503100667425,9.239394678292376,4,5,0,9,0,7,0,99.14
217.26373570694264,1.3055138072721895,3,13,1,9,4,6,9,100.0
390.4005631500849,7.276782405221559,7,14,4,3,1,6,4,54.92
135.3266847521026,3.676141066352957,2,13,2,8,0,7,5,100.0
217.75811020901781,9.319565758388773,3,7,5,4,4,0,0,25.35
257.8353953785935,9.73952420648831,1,2,2,7,1,4,6,98.39
306.2777914771994,9.498398402020905,1,6,4,8,6,1,0,32.09
483.99501915222737,5.267927949917174,2,13,2,9,3,1,1,79.36
167.82384236551425,8.758383858903821,0,6,5,4,1,0,1,51.86
337.68659674335026,8.600944586815633,4,11,3,5,6,4,4,56.26
379.9038671855029,3.871904259189301,3,3,1,0,5,1,9,61.85
85.08322286879877,8.460239267356096,1,6,5,6,2,3,6,73.04
388.07422002677674,1.3330687124394336,0,10,0,3,1,2,0,100.0
152.08302679113743,6.366428906338477,2,10,4,1,2,2,9,84.9
95.12786021205093,3.0700795355893273,6,14,3,4,1,1,0,68.18
572.3981901167999,2.0851019719955093,5,5,0,2,2,5,0,65.19
581.441297860262,1.6925788146628824,6,12,0,5,5,1,5,72.62
496.53456798288903,7.266598982903258,6,2,4,7,3,7,1,30.44
224.49143535362018,4.058874673912595,1,9,3,6,7,7,0,79.51
112.74294156344729,7.522900943758853,7,8,0,2,4,4,5,76.56
429.4858343165647,1.5882070671904813,7,3,0,7,2,9,1,78.7
297.6823466193847,3.837613040475493,2,8,3,1,5,6,5,78.53
125.90064681618057,5.855421631378035,3,14,2,9,2,3,9,100.0
327.3955314600859,8.116508483550671,7,9,0,8,3,0,7,78.13
78.56980140221793,3.8687725263886295,6,14,1,3,2,1,1,87.06
551.0330171225423,6.633022387933082,7,3,3,0,5,9,8,38.55
199.74119006400915,8.973799734125684,6,3,0,7,6,9,7,81.58
417.76203355115024,6.542768693640741,4,2,4,6,5,3,9,43.27
228.32398108828193,3.096635272782704,1,8,5,4,7,0,0,37.36
340.8367314360178,1.2196070340088423,1,10,1,9,7,7,6,100.0
355.223550845371,8.830889865108368,3,1,5,4,7,8,9,42.82
159.8214059837846,1.1914246976534844,7,8,5,6,0,3,5,68.9
583.5756989928616,8.872315054157795,7,7,0,4,3,9,5,72.17
478.57172461500187,5.760434206244907,5,14,1,7,6,2,5,71.39
567.3294284446622,9.451609286616065,0,7,1,5,0,1,5,86.1
543.2067692309304,8.189049121962988,4,3,2,4,3,4,9,60.52
382.865988557986,9.981406994800038,1,1,5,8,6,2,6,36.47
557.8120869124831,4.156406339065391,4,4,1,1,2,9,2,72.46
107.78595110803653,7.904694600380142,1,9,2,0,6,6,5,84.03
165.8307457063384,4.617378222483179,4,5,3,7,5,5,2,66.72
84.42273601169056,5.318880582735179,2,1,2,2,0,0,6,82.75
235.67837861216273,6.64754916896533,6,5,4,6,2,7,6,63.37
269.8857364323203,8.863094027677048,1,13,0,9,5,1,7,100.0
206.52847715790378,9.856751222793656,4,8,3,7,3,4,1,56.02
507.51825494204184,7.914460724780664,7,8,3,5,6,8,8,48.98
252.64679641453822,4.759901039506004,0,5,4,9,5,7,4,90.55
211.70463523118562,4.792213020493632,2,12,2,8,2,1,8,100.0
353.05588490545415,7.638240714300023,2,9,0,6,0,8,9,100.0
136.09908148637183,3.148994311914721,0,1,2,9,0,4,4,100.0
493.1863696071814,1.994267018182552,4,4,1,4,7,9,6,75.57
100.25734758707625,4.191599418766989,7,3,2,7,6,5,8,66.07
592.9189457642793,3.5851509248867357,3,2,3,1,5,2,3,24.52
477.012175420195,3.6667730841039106,0,8,0,6,7,2,1,77.23
167.30646802845308,3.1024697594491895,4,7,2,3,2,9,8,100.0
62.981943246745296,1.378838706727257,0,9,0,8,7,7,1,100.0
500.34917136561046,1.1608654126007243,0,2,0,0,1,9,2,100.0
441.7029656777132,9.889501507624283,1,14,1,6,3,9,9,100.0
453.66387074213316,4.849958203622761,4,14,1,5,7,1,1,56.25
476.4859872104107,4.4589398244371345,3,4,3,7,3,1,2,47.85
99.9841119364088,7.116825544237629,6,14,4,4,2,4,5,73.74
253.5714934139072,2.9642849907855773,1,6,0,0,1,5,2,100.0
122.56929214357004,9.549650655552028,0,11,4,0,0,1,9,95.43
526.0758499728205,8.07710512973997,6,3,3,8,6,4,7,35.97
396.58098848688127,1.8046990208103355,5,8,0,9,4,6,5,97.32
238.68493342043055,4.758226982064356,6,3,0,5,4,9,6,91.93
94.32150915445277,8.912064768059482,0,14,5,9,6,9,0,85.69
227.93045372645759,9.502588200622693,0,12,4,4,2,7,2,89.37
235.5989938944434,5.2066136012488275,7,13,2,0,1,6,2,76.39
453.9873363025546,6.520702502896369,4,13,1,5,1,7,1,89.94
404.28103453181507,2.503305514828677,4,2,2,5,3,8,6,81.29
539.0948809912163,9.92051763523279,1,13,4,2,0,4,8,80.67
314.9960595874526,3.0850453124509905,3,13,1,7,5,4,3,93.68
124.58089280668293,9.48458596721613,1,3,2,0,7,9,4,69.76
445.1521851004173,6.846819840931316,2,11,5,0,1,3,2,49.36
470.8239262531246,6.469631153909732,0,6,1,5,6,8,8,98.36
363.08968668752794,5.614196599148578,6,2,0,9,5,4,3,64.9
476.32227717546294,3.076028305459828,5,8,2,0,4,1,4,38.93
326.649622036771,2.5887522880495744,0,1,1,5,5,9,0,87.81
342.2757278662768,2.9843758816315784,0,7,5,0,0,7,1,73.93
290.8721499136168,2.6779443592982908,1,2,1,5,6,6,8,100.0
73.7263284418114,8.01626026210078,5,10,1,2,0,7,1,94.46
118.2613705763844,4.151127332500571,5,12,5,7,5,2,4,50.18
76.9717602708365,1.5205840890705673,5,6,2,5,7,3,7,70.11
403.6616220824414,9.721923671267302,1,12,3,0,2,4,2,65.48
229.7522297812164,8.954072964670832,0,2,2,4,1,5,5,94.45
334.6281732289395,9.349770548756917,1,2,4,7,6,0,3,31.7
550.0858959200903,9.954170403817917,4,10,5,2,2,3,6,36.09
194.61780374039247,2.5650572429753855,4,13,2,5,5,9,9,100.0
281.6067784392401,4.566178170123929,1,8,1,4,1,4,2,100.0
467.9976148132463,7.824146281336822,5,12,5,5,3,6,5,53.64
183.55100936547615,7.26418556248413,7,2,0,9,2,4,9,89.4
101.56915130754822,2.3850631570586955,0,7,2,0,2,0,8,100.0
216.46578457343475,8.34249812491556,1,3,5,6,5,6,9,65.07
147.05949511716238,3.019965146529946,1,8,2,8,4,7,0,100.0
562.0367322649895,3.0143585334036076,1,7,5,1,5,6,2,40.73
496.38500496478514,5.832769806040722,7,14,1,9,2,3,1,70.86
402.0380285156287,6.336459413575328,7,8,0,4,1,7,7,94.41
530.5887187013675,6.220775870540301,2,14,0,9,7,4,6,96.25
493.9829215255218,1.8233815365797938,4,7,4,3,4,9,1,53.08
160.74783179845934,8.897147763673424,6,11,5,5,5,8,5,50.68
541.9818591845881,3.3904003832983545,5,6,2,5,7,9,2,56.21
351.24481063445137,2.1656342915452376,3,13,0,1,6,4,7,99.2
496.0176837885938,8.998732718820794,7,7,0,1,5,0,9,43.73
543.8893019586864,9.60086348406778,6,5,3,3,2,8,2,42.37
231.7218764848065,8.759148555389055,7,7,3,0,7,4,9,33.17
119.42803924494545,8.285644672523903,5,1,0,8,2,5,8,98.08
183.0849877726485,6.8971778257511955,3,1,5,6,3,3,0,29.76
290.63820585817837,5.957716335482254,2,9,4,6,7,5,4,60.35
501.72797359814626,1.7828808392026914,1,14,0,2,7,7,2,98.64
524.7945149584255,4.676078917636288,2,5,1,2,5,2,5,63.63
63.75415048684298,4.354196653110826,7,13,2,0,2,4,9,100.0
335.8035433918855,3.337784053842936,2,5,4,2,6,1,1,23.79
285.40194170034067,7.510781023197264,6,3,1,2,0,1,8,71.53
179.93821765419432,5.4628816157089375,0,5,4,3,4,6,5,79.41
124.72729836018871,1.7294159431688314,7,3,1,3,0,9,6,100.0
242.3121925579591,2.981648817548302,7,9,2,2,4,9,4,74.06
569.1712401127604,7.149328872936364,6,9,2,9,6,9,8,71.52
234.5295832912078,1.6851777354127018,4,6,3,7,7,5,0,58.96
340.1469357414177,8.660862226438919,3,1,5,7,7,3,4,22.2
439.630237803396,5.4563187431257685,1,7,1,0,5,4,9,87.18
256.3599852848188,5.325279195939832,6,7,3,6,3,0,5,55.58
584.7623246693188,6.331670061935658,3,14,1,1,2,6,6,88.56
579.7215392687401,8.422128693326343,5,10,3,0,2,7,3,43.18
195.96243974569666,4.1302828711197375,3,10,2,2,2,8,0,84.41
328.5141931818881,7.102145373031572,5,4,4,3,5,7,7,46.27
222.47428730105563,6.09158767596212,6,8,3,5,4,4,9,72.18
213.8138669638325,3.403254431524792,7,6,1,9,7,2,3,56.81
79.9189515714477,8.907669877196422,7,4,1,4,6,9,2,60.64
389.16474034914427,8.176834194462353,4,4,5,3,2,8,6,47.95
331.4466725435852,6.926066511925829,6,2,2,7,0,5,1,61.98
87.79852567499425,8.655235561848176,5,14,1,3,2,4,7,100.0
210.46909068777018,8.805647808638222,3,2,0,9,7,2,5,74.06
550.463578421993,7.3752667904353135,3,12,4,1,5,5,6,44.05
189.36342096016512,8.533119955273047,5,14,3,2,6,2,4,51.4
138.24323092926048,7.277243155023553,2,4,5,5,3,9,8,81.97
324.304490549884,7.121266945842704,4,5,4,7,6,5,4,43.35
592.2512452197244,6.5675024039366585,0,8,2,7,0,3,4,93.86
190.70984661621023,7.774449756018771,7,6,5,8,2,1,2,29.19
422.9531955991744,2.427445947637663,1,14,3,6,2,7,0,95.44
471.2745922775075,8.927836832790355,3,4,3,1,1,3,1,37.6
188.32427375589583,8.846591749707088,1,13,0,7,4,8,7,100.0
453.2368282504042,1.2632255473110323,0,11,2,6,0,6,0,100.0
258.60289166839675,8.432350755082865,6,7,5,7,1,1,6,44.59
401.44514852053294,2.1598288072610066,1,8,5,2,6,3,4,50.96
402.10604381088314,4.016069688332277,0,2,1,6,3,4,2,84.28
349.3183294003696,7.69157430662447,7,12,0,9,4,2,6,80.58
108.75647582938049,2.4468390644347737,5,7,0,8,0,8,8,100.0
511.0633476181885,8.36170321707156,2,14,5,2,2,4,1,49.35
233.22123508473734,8.489207601619677,7,2,5,9,6,1,7,16.23
160.71999561592128,5.567209603847526,3,2,4,5,0,2,8,79.76
82.01857643957251,1.0574728454515023,0,8,4,1,2,8,2,100.0
379.08218932165056,3.583343198574215,1,2,4,1,7,6,1,29.95
425.8847553948325,6.55234226538168,3,11,0,4,4,1,6,83.89
68.95742762104233,9.830675602246812,2,9,1,4,7,8,4,89.35
336.53025148161174,6.686321743150016,5,12,3,6,7,3,4,49.9
182.3077186068865,3.338232229577438,6,1,4,1,2,8,9,65.64
408.3933068211029,6.706051327896502,3,9,1,6,3,1,4,78.95
154.15787166269538,5.8598684174427,6,1,2,4,6,9,3,56.3
433.10637857533163,8.018608556360292,0,10,4,5,5,3,4,60.77
268.8370870022902,1.9628257494426258,2,13,3,7,2,4,3,100.0
565.8341939178366,7.849251122518252,1,10,2,9,3,1,5,81.9
134.26130983883635,5.871399208084992,2,2,2,3,5,9,3,81.48
244.1758295671396,9.666928034730951,2,6,3,6,6,0,1,35.14
121.27570146991809,4.076849494348175,4,6,4,5,7,6,8,64.46
559.3345538704239,6.693597038205533,2,1,0,9,4,9,1,80.59
533.7632508257298,9.388252949590157,2,7,3,1,4,0,8,42.68
199.28847896618402,1.9225875519161133,7,8,3,7,6,7,9,81.51
416.39138485845666,9.43505638512806,3,2,3,9,6,2,5,39.27
501.2999881086565,7.19097150070732,1,8,2,8,0,9,8,100.0
359.80843826370966,1.610533531946547,7,9,1,4,3,5,8,86.95
346.0113123122435,3.708672102521346,7,6,0,9,7,6,2,66.11
190.6002370862439,7.373548797807534,3,5,4,3,3,9,0,63.27
110.27549461518558,1.6061554132189453,3,12,4,5,6,0,0,55.3
544.4965092947964,6.23953414158646,0,9,1,7,1,5,2,100.0
546.2257508681985,4.112947512576611,3,13,3,2,1,6,4,79.66
401.8747869275647,6.588239659907294,4,12,0,9,5,5,2,87.83
243.07608716629838,1.4116783043126158,4,11,4,0,5,3,8,65.47
248.57317029083688,8.843831255371386,7,9,5,3,1,0,8,37.26
452.01606658992927,9.761400722596573,6,1,4,3,6,8,2,12.14
544.4395403743916,9.719900697571223,0,11,3,0,6,3,2,41.67
539.0266691031634,7.746866485686322,6,3,5,8,5,6,4,15.51
481.13279476311686,2.170776161175688,6,9,1,2,2,6,1,73.91
406.6970889233154,7.824368763361203,7,11,0,4,6,1,5,53.98
105.43558109732638,1.2212822481292136,5,2,1,5,1,0,6,83.06
147.27950561109145,1.1991119637609753,7,12,1,7,3,7,8,100.0
545.2192618046229,3.912491972345871,1,4,0,5,6,7,5,90.25
387.47169221617855,5.397788713641992,1,4,0,2,7,6,2,77.94
64.96640787298001,7.933666760270139,3,2,4,5,6,7,4,53.56
114.79463314765734,7.149658389458547,3,3,4,0,2,2,3,48.89
418.29095531835014,5.013124357390735,5,13,0,3,5,1,4,75.26
62.73325527695809,3.462639996534993,3,3,5,5,6,6,7,64.05
146.83634776544926,9.9741205014194,1,1,2,6,4,7,7,90.88
356.3162462579565,4.835631720123756,6,6,4,9,0,0,5,52.4
433.6234067540544,5.062483218967079,7,8,2,2,1,9,0,59.58
412.0590801314043,2.4726143907250226,2,12,5,8,7,8,7,81.34
181.1054271087023,8.153285938749365,4,3,0,6,7,3,7,76.62
444.5767795276694,7.243140032033398,2,5,5,0,7,3,1,10.56
188.11450724827205,2.9869265150988435,2,1,4,1,4,2,3,43.38
235.71583700600456,1.7414294105425843,1,10,1,0,7,5,1,75.83
463.105358763733,7.124493718672418,2,7,0,8,7,0,3,63.53
410.80176548549593,6.890600928530217,7,10,3,8,5,5,9,65.56
518.5806416668561,3.459335742983884,5,13,2,6,3,1,6,73.9
415.1109618421854,9.557772060253694,0,1,5,9,0,8,8,87.15
366.88664580115466,2.3595210260281023,3,12,0,2,4,1,7,98.31
110.58437462716994,4.891013209383417,0,11,5,4,0,6,8,100.0
258.5665336520941,9.49254328150839,6,9,0,3,1,0,7,80.23
203.20927854813175,4.7775458523351,7,8,4,6,5,6,1,41.16
191.75440742470514,6.74673352897677,7,7,4,8,6,4,6,44.42
585.4256995663206,4.578349581665148,4,10,4,1,3,7,1,43.06
272.27277132005065,3.4679368211380304,7,7,5,7,5,3,1,29.36
541.7051397956411,9.855798831638454,3,5,3,8,0,9,3,75.65
400.81485803852195,4.684006056835387,7,5,4,9,4,6,0,33.53
489.1981039124901,9.04689283311221,2,11,0,9,1,5,4,100.0
331.42403027680376,3.0695914530197754,4,13,4,8,1,4,5,93.59
371.5280976982339,2.9179423362257495,3,5,1,9,5,3,8,99.47
325.9595546621865,1.2802067459606024,5,1,4,6,6,6,9,60.49
165.43121341094403,6.865001428382966,5,8,5,8,4,4,7,62.25
450.1241422412129,4.316737093513851,5,12,3,8,6,4,1,50.97
211.61707571806213,8.779224248556734,5,11,1,2,6,0,0,33.71
73.13062187298507,5.258889160224014,2,1,5,3,7,1,1,24.06
408.55503978987065,9.713740851232496,7,4,5,1,4,4,6,9.55
155.63976687980642,2.6697296413280904,0,9,5,9,0,2,3,99.16
567.8476355505737,8.817608511600497,3,14,0,2,5,1,9,78.84
575.1214315813971,7.989371675125676,2,9,5,4,5,3,4,31.11
554.0267707190421,7.938296601796468,5,5,0,4,7,3,6,47.19
259.88569813794,8.60304905305199,6,4,5,5,2,3,2,27.86
68.34657292558842,7.84921591848699,7,3,2,6,5,3,9,62.75
561.2920237973717,6.635982894682739,0,3,1,6,1,2,1,79.91
291.2194400913497,2.1812038991414884,6,12,2,0,0,6,6,96.37
581.9936022835816,1.2927356154212672,4,5,5,1,4,8,4,36.49
580.3547876281965,9.287630630341182,6,10,1,8,5,4,0,42.02
520.6251059523745,6.549852830686643,4,1,1,9,0,3,0,59.91
219.00240171757628,8.168835618785586,4,5,3,1,7,1,8,33.13
267.9527734450396,5.33370116361295,5,6,2,5,5,1,4,56.73
519.6138026191027,2.0557737006615504,4,7,3,0,4,4,0,38.02
231.13788278438994,2.126672129822954,1,12,1,2,3,6,6,100.0
151.52608321048996,7.170087585060743,3,9,0,1,4,9,8,100.0
360.6726817275091,4.872753054095164,3,3,1,2,4,9,0,66.07
565.5235780468217,2.8047225403030307,5,2,3,4,4,8,9,62.66
435.85609020448544,5.424350920672932,1,14,2,9,5,6,3,100.0
367.83303184825706,1.577880433676207,6,3,5,5,2,4,2,31.3
112.47530663621501,6.237742617229589,2,12,5,8,4,9,4,87.31
392.10390241755164,3.4209406399158793,6,9,2,9,7,9,6,79.87
594.6290790563022,8.178031905734693,7,12,5,3,1,9,7,52.49
135.64536822772297,3.793257630312164,2,7,5,6,1,5,1,76.04
339.89801227641783,5.09698134173621,4,9,3,5,7,2,6,55.0
533.7814588410959,1.1045848591729057,0,13,2,1,0,4,0,97.01
460.0150535872704,1.65202199015103,2,2,4,9,2,7,6,85.47
436.3885001374447,4.532442007660164,0,5,0,7,0,0,7,100.0
439.341405353039,5.319449512454112,3,13,0,6,7,0,1,60.84
254.12522165866778,6.400184933073733,0,4,5,6,1,6,8,94.01
218.53959590282642,3.624963208383729,3,2,0,7,6,4,0,74.7
497.0550239583973,7.254836975138883,1,9,2,0,1,4,5,76.92
497.46123312675763,8.741101574702842,1,9,2,0,3,0,0,38.14
528.219052033256,8.018658900040148,5,6,1,7,4,8,2,62.31
553.1498983804945,1.3565694281352143,5,11,1,3,6,0,5,53.64
336.12489538490644,5.32456252532046,4,6,0,4,1,4,2,88.8
330.81879913108776,1.9443716057635738,2,8,4,7,5,9,7,93.73
491.07939664205855,3.178405142762747,4,6,1,4,5,8,4,74.52
410.98052261999317,9.879963339404318,3,1,1,9,0,3,1,66.86
439.0621137191598,2.282459886113619,4,4,2,3,6,7,3,60.84
489.72804149549455,5.489993381062204,0,13,4,5,0,5,8,100.0
540.6028845814858,6.563401608863072,3,7,5,4,4,2,3,25.31
242.51738469982934,7.322184734896935,5,13,0,6,4,3,9,100.0
262.81479442556974,6.036838151382227,1,13,1,9,3,1,9,100.0
110.75024751406926,1.087937626772653,5,2,4,6,7,0,7,42.04
372.27127613793397,3.938151774195927,2,9,4,3,7,7,4,64.46
79.40882785024073,5.6594047904624025,3,8,0,4,2,0,9,100.0
311.4229297915285,1.7907984923035003,3,8,4,2,0,0,0,53.37
353.0281027420914,4.155642380882627,0,7,4,3,4,3,6,80.54
214.7322761492736,1.298827979122299,2,4,4,3,7,9,2,60.5
379.0499607072658,1.7072064743951867,1,2,1,2,0,9,9,100.0
76.4701349670867,4.5723094858143645,6,3,0,9,4,5,7,97.33
80.16802192457578,2.194441786387543,3,12,4,4,1,8,2,100.0
504.20430275621544,6.107867634354023,3,6,4,4,0,0,0,40.64
254.50294636208196,7.2051847222353915,0,12,1,6,1,6,4,100.0
128.61267683201777,8.205280291981746,4,12,0,3,0,9,1,100.0
342.01136042959433,2.8013521982032907,7,5,2,3,2,4,3,54.7
475.79651867324986,2.507343240331628,1,12,1,8,3,7,0,100.0
176.5433548482953,1.9411105630096022,5,8,0,5,5,6,8,100.0
396.3608569422601,6.72787224589273,2,6,4,3,7,3,5,44.83
106.08763109663471,7.35828153838211,3,6,0,1,5,3,7,90.39
87.90812943104815,1.2842753034307783,3,1,0,5,5,5,3,92.56
346.9315010467999,9.42591021619321,5,4,5,1,1,5,8,47.79
351.9429656694575,1.4677415528632518,1,5,0,4,6,8,1,92.55
404.21214680903154,5.871667017709634,7,12,2,5,4,4,8,72.27
452.08932021023725,7.381544675058247,4,11,0,3,5,7,4,83.11
586.9601229097686,8.83872211371477,3,3,2,2,2,4,5,52.89
338.80218808264544,7.4267823891918505,7,13,4,6,5,1,2,28.02
234.39649538827283,8.215552747628127,1,9,2,1,0,5,3,90.5
489.4005451751,4.0550517328852544,5,1,4,5,1,8,5,57.65
206.24941568152008,8.33342602371861,0,6,4,3,6,2,6,62.17
297.0445671810435,1.7210336174620764,4,6,2,5,0,0,0,67.62
102.36644592482361,9.05334990454475,2,10,1,3,6,0,6,81.1
73.68940144434706,5.928331385383626,3,5,3,3,0,2,0,64.32
579.8301439260796,8.355679929662443,1,12,0,3,0,9,4,100.0
511.42926507659115,5.070864560664702,0,5,5,8,7,4,5,47.41
435.82607129059693,6.792199256768725,2,10,3,6,3,2,1,61.87
280.83458998370577,5.737623948425019,6,14,0,2,3,8,9,100.0
153.57893283825672,7.584305695797987,1,13,0,2,4,7,8,100.0
144.47600304238648,1.7346698382753063,1,5,4,5,1,2,9,100.0
195.13116500888148,1.5431687559150742,2,6,0,5,2,8,5,100.0
356.58239894130503,3.223929106091318,0,8,5,3,2,5,6,83.54
445.88179825803365,2.435902121018695,6,2,0,8,2,6,9,96.84
416.50658342757487,8.846052099329814,7,6,2,3,7,3,7,30.47
211.16430435080915,2.9729258862223986,7,1,3,8,0,3,9,76.9
575.6272515581248,9.782787302372181,5,4,2,3,3,1,0,14.62
458.464335015715,4.032062125939961,0,14,5,1,1,4,7,86.89
359.35118835615634,2.6390612411982937,4,10,0,1,0,7,3,100.0
390.3292029665502,8.107286564282312,3,3,5,4,6,6,9,38.4
286.58403371100655,6.928369979507885,2,9,4,3,3,6,7,78.81
193.77473433062502,5.483761448078251,5,3,2,6,3,5,5,74.92
252.22524647168126,5.998271958438681,6,6,2,4,5,2,8,55.35
469.2368996507593,7.472816004450374,2,1,1,5,5,4,3,56.64
67.77248386006816,3.0560926719816885,2,12,0,9,7,0,1,100.0
122.67922587373477,9.967005244510677,0,6,4,3,1,6,1,80.0
84.84142669174648,9.773138459321048,3,4,2,1,6,8,4,72.14
81.99355325224387,6.852931177122432,4,8,2,9,1,0,9,100.0
521.9487153659438,2.7958820583623063,7,13,4,8,1,1,8,69.81
439.9752440652128,7.122054181881622,1,11,5,9,7,2,2,40.59
316.05386770715563,1.6497856808125826,1,9,5,6,7,2,7,62.96
112.83044675154079,1.2758725198522547,2,4,0,3,0,7,3,100.0
325.4725725630895,3.3191459966009234,7,10,1,2,4,6,5,78.65
315.6747562215055,5.163606610653847,7,12,2,9,7,5,9,83.51
153.52900975140818,8.814452548675424,3,10,1,2,1,9,5,100.0
294.27989058850545,7.544521627896772,6,6,5,8,5,9,2,40.44
275.19255657458166,7.684358690799829,6,1,5,4,4,3,4,13.61
392.5590529481969,4.829440010032679,5,4,3,2,0,8,2,64.86
402.95057146852764,4.113414932922666,0,7,0,4,4,0,0,81.0
84.46416527690404,4.339348866861425,3,12,3,1,2,1,6,81.87
262.29081189829446,9.88884607362452,3,1,3,3,6,3,3,31.34
397.96435448568764,1.3609827227123423,0,8,3,9,4,2,6,94.55
331.69357963324734,8.803283465102037,7,12,0,1,1,0,2,59.15
522.5045142416941,6.208078677151541,6,10,0,1,0,4,4,78.84
415.6945610742303,4.947538772706315,6,12,4,7,6,6,4,50.76
147.98459062397203,7.527318943736229,7,11,1,0,1,1,1,58.24
98.10712359623211,5.380020472822325,6,6,1,6,6,4,9,84.69
406.9064102314104,8.860809142734945,2,5,4,4,5,5,1,38.84
74.31610769247578,9.106316776101327,3,10,4,7,2,6,3,85.33
376.31881388767016,4.795488341861098,1,11,5,0,5,0,3,38.25
567.7243303694771,3.4914501751154643,0,14,3,6,1,6,3,99.82
370.75605605297466,6.33115295734026,6,9,4,4,1,3,5,51.66
269.6117601515218,9.211270110550219,5,2,2,3,1,7,1,59.79
407.3756379588707,2.895959701050999,6,5,1,6,3,3,5,69.95
307.45656086541896,6.606699252071345,6,6,4,9,2,5,6,66.39
354.63306623060487,6.684041980832685,4,7,2,1,6,8,9,81.2
568.3909967393236,7.5980172017375285,2,5,2,0,7,4,2,33.5
268.49542441241806,2.1841091661453382,0,9,2,0,1,3,7,100.0
579.0429044649137,7.442424682138797,4,1,5,0,1,7,1,16.63
548.8893466562745,9.181292685990769,4,7,5,4,6,8,7,29.53
165.7272127862201,2.6171479798321777,5,10,2,9,7,3,4,75.97
97.45510247258935,3.1378899243148988,3,7,5,6,5,2,1,47.87
114.4201207438104,9.742555846374756,5,4,3,1,5,7,6,55.96
69.83978585183685,2.628792574385408,3,9,2,9,1,4,1,100.0
110.99919880820133,8.689465840326212,3,14,3,7,0,1,5,97.11
428.8236576448327,5.430500708032313,0,12,3,3,3,9,9,100.0
98.44187016852365,3.2250796696285935,6,11,2,2,5,8,2,75.81
232.2468403586311,8.836749111452603,0,5,1,9,0,2,8,100.0
516.2326679235055,5.007747295023989,2,4,2,7,3,1,2,62.32
72.56684529734596,5.633356185367211,3,13,2,1,1,0,2,83.81
499.8129805980253,4.233100324597891,4,7,5,2,2,7,4,50.53
212.20157837763597,6.3365576629143465,6,4,2,2,4,2,6,53.57
123.80900691569437,2.4717148532652047,1,3,1,9,4,6,7,100.0
436.23806929664136,4.519733829865846,2,9,5,0,1,0,6,52.25
399.6291372611374,9.724710901017588,0,11,0,5,5,0,8,94.35
533.8348873046086,3.3232008943101476,5,8,0,1,0,8,4,98.26
456.93836365409834,6.910629980871629,2,1,3,0,2,7,9,71.79
493.87970240781823,3.926710578022254,2,7,3,1,6,2,2,38.35
212.2986691885055,7.961258131179406,6,9,1,5,3,5,5,79.11
155.81735364105032,2.177862946465148,2,8,4,3,1,2,4,83.97
465.33196588606353,9.728389405706903,2,8,0,5,2,3,3,89.53
495.69075920432255,5.084105872452753,1,13,3,8,7,0,1,50.02
594.8727766803636,3.1244541701181756,7,6,0,9,2,4,6,79.99
282.81354553217034,1.6614707259701138,5,11,1,9,5,0,4,82.23
260.88976632810295,2.5278211457878665,5,4,1,7,7,0,3,54.26
479.2629988006783,5.677965537004159,5,8,4,0,3,9,7,58.0
244.03391173662965,4.033028587881576,3,3,4,7,7,6,8,58.23
562.608955825925,8.459950292943486,4,13,5,8,2,5,8,72.03
523.5428859952264,4.877987712956253,7,9,1,5,5,1,2,40.35
291.6567747825099,3.238428453288669,5,13,3,9,7,1,2,49.71
465.4703766074086,6.554304879436271,2,2,0,4,0,6,4,93.8
467.45315200572844,7.360994951969012,2,2,2,5,5,0,4,46.61
115.6868891714036,2.5033771711085486,5,12,4,5,0,1,9,100.0
547.378569606966,2.508572946594859,6,13,2,8,0,7,1,90.43
332.83628112184283,1.3300428424018866,5,12,3,3,7,5,0,48.17
506.2870316981805,7.627618135590764,2,7,4,1,7,1,7,29.68
232.82678455653036,6.974240748596245,3,12,2,8,6,6,2,83.02
543.5825433879482,5.2716778817483245,0,10,3,1,6,3,0,48.66
270.1689065164481,8.597534040722774,0,4,0,9,2,1,0,87.67
65.85233179936111,8.251031376550479,7,10,3,8,5,5,1,52.79
548.9062672664024,6.26818927957077,7,8,5,1,6,8,5,21.05
109.29480546451212,8.814441524619328,5,9,4,7,0,8,5,90.77
232.42936429882403,2.8525708903309144,1,7,1,8,6,7,2,100.0
573.0334622074347,2.007276574579551,5,5,0,9,3,2,3,71.32
573.3278593462803,3.4277465036529065,6,8,2,8,2,2,1,51.31
369.6564595865745,1.5137817048038338,5,4,4,9,5,1,1,30.72
401.1920945716916,5.780525752009288,7,2,1,8,5,4,6,55.4
302.16058186829264,9.429451230654653,0,11,3,1,4,3,0,54.6
218.33381671695486,1.3540918660165868,2,12,1,3,5,6,6,100.0
237.47885449975462,2.098989226090241,5,6,4,6,2,3,0,47.62
423.15996628160076,5.069791254550918,2,9,4,1,3,8,5,75.78
466.2822458963472,9.404875157751144,2,1,5,0,5,1,2,1.03
487.4526836119582,3.8454049447907543,1,11,5,2,4,5,7,63.75
486.3937971090591,5.565113278195532,2,10,1,3,2,6,5,100.0
109.25129564629279,1.3741557314535289,0,12,3,7,0,3,1,100.0
326.98696453939397,2.3350888086587998,3,7,1,5,1,5,7,100.0
91.08173040898791,9.879671106629623,3,10,4,1,1,6,4,74.76
356.7455964548172,9.68606826792441,4,9,4,8,0,3,7,83.26
298.4264707416236,1.0444598284096864,6,10,2,1,6,7,7,73.03
539.360258689482,9.566306068809151,5,9,5,4,5,8,5,33.96
249.4941067781225,6.752079440339504,6,10,2,3,7,0,1,29.56
123.21618887090716,8.811264650680199,0,11,0,6,1,6,7,100.0
137.21550830853135,5.092658700704732,2,13,4,7,6,8,5,97.03
471.215741127435,5.640364257213252,3,3,2,4,1,9,5,84.66
393.83775419078097,5.399619222312282,6,11,1,9,0,4,7,100.0
114.60624510630673,7.001778317914939,0,13,5,4,5,1,0,56.24
105.41767530209862,2.256861292806816,3,5,5,1,5,9,1,54.19
438.5233309879248,1.2697623088541015,2,8,3,7,6,5,8,86.68
99.29202343666451,3.7713694743207182,6,8,1,1,0,6,7,100.0
503.80443201679236,7.342126864629821,3,4,3,9,6,1,6,39.64
441.37080266450795,2.816681069106535,5,12,2,5,5,1,6,70.06
103.92834154662587,7.060891899924256,7,11,0,7,7,9,4,91.19
105.81236560600364,9.729208414965434,5,11,1,5,5,9,1,80.45
592.7853723906347,1.8451064421047656,4,1,1,3,2,0,5,53.17
262.10622970830497,7.053419064026136,4,1,1,3,7,3,9,60.99
260.1467594161211,4.993751973741141,3,4,3,5,6,6,2,50.77
498.91176631905137,8.813280289397548,7,6,2,3,2,8,3,50.42
571.5142317872837,2.594348105026473,0,8,1,7,0,2,9,100.0
592.4405744643503,7.23363357003548,5,6,1,8,3,6,1,65.04
466.8242200398285,8.543037606832993,0,12,5,0,1,6,1,62.14
263.18017618669455,9.501527975266209,7,9,0,3,2,6,7,86.64
105.09038701728113,7.1492322546068126,0,9,5,3,1,1,7,82.21
479.65933460081584,5.474572876075846,7,14,5,1,4,5,9,45.75
361.53829485733473,6.560625161810925,3,2,0,5,0,1,5,87.64
289.07988499336716,8.820144860308464,0,10,2,2,3,5,4,90.83
549.4313679511574,6.1354877197494675,5,1,5,6,4,9,7,40.61
120.04664044532171,1.2734835372715319,2,2,2,4,4,2,3,76.63
326.01755631706396,9.3785382595628,4,5,5,3,5,1,3,11.13
66.13096817440629,7.20574075928405,2,4,4,4,4,5,4,66.25
313.0767466768282,7.088620471995219,0,4,0,7,0,1,0,88.91
90.40376886819217,2.9410763715794546,2,9,5,2,2,4,0,68.52
124.16167478475884,6.929969232093915,5,11,4,6,0,1,1,63.83
123.46417325963664,4.544779650887426,5,8,3,5,2,2,7,78.42
410.57356314267435,6.861096793373429,0,6,4,0,4,2,6,59.45
462.8642348033286,1.9593372727719165,3,1,1,6,4,5,9,90.2
375.0191331524662,6.920607741427324,2,2,5,6,7,5,8,41.3
579.5731761762527,9.994723531936,3,6,4,0,3,9,4,45.6
262.4301129428002,1.4339083497450043,3,11,2,8,2,2,1,93.2
214.2845265922048,9.794567657991855,7,2,3,5,4,2,6,33.88
529.0435292223085,4.662171646505835,1,13,5,1,5,0,7,46.95
180.74175280050443,8.836781053035333,0,10,1,4,7,6,6,100.0
580.1401712979301,8.04146935652446,4,5,4,3,1,7,6,53.12
66.56341633250082,6.10314634888001,5,14,3,6,7,1,4,64.13
583.7345664221251,7.646042883261939,5,5,5,7,3,3,1,8.81
83.30635245331109,8.906640051712131,0,6,3,0,0,9,5,100.0
541.2172813969585,4.637262894859297,7,6,1,4,3,6,3,60.83
344.95859890660194,3.943298454069148,6,14,4,2,1,7,9,86.56
596.2009899044222,7.0083404700722625,6,6,3,0,7,0,1,0.0
99.85014495711539,8.270613477471327,6,14,3,2,2,3,8,80.12
359.0813135767132,7.860566212989542,7,2,0,5,0,5,6,74.68
583.4233692343134,8.18032283972771,4,14,3,6,0,2,5,64.84
342.47283585188035,4.920249833316397,5,10,0,7,2,4,4,97.34
399.8752645930418,8.360507945575193,0,14,4,3,6,9,2,74.69
435.70429205169324,2.081881498335476,7,13,5,2,6,8,9,55.89
305.45217497459754,5.900401881647646,5,14,5,4,3,2,9,64.49
398.88136324539425,1.0518279444830942,3,3,4,8,4,4,3,58.08
375.52972843847414,3.9212724691024325,2,14,4,5,6,7,2,75.45
546.625325665134,4.298153813842581,2,6,2,8,3,5,7,89.5
84.54104538438725,4.565554224483298,7,13,4,5,6,3,2,44.92
211.72012237980437,7.25920486020876,5,8,3,1,1,7,6,78.05
573.2222014013417,4.4970229114331115,1,12,5,4,5,2,6,55.08
540.7424433010948,5.038242603602776,4,13,1,8,4,2,6,89.12
306.05464650428496,3.1378971778689473,6,11,5,7,3,3,6,57.54
394.87160281282985,4.35926612466406,4,12,0,6,5,8,1,94.83
209.78583880981165,3.045426645368363,4,1,5,0,5,4,9,45.43
161.58542625083112,1.6587633139159927,7,1,2,3,7,7,2,41.63
310.39713866759035,6.431037340432401,3,11,4,6,6,5,9,76.68
250.81020313406853,7.013915186995146,4,13,4,6,7,2,8,57.03
375.1743003994709,6.575413114086531,2,2,5,5,2,7,2,45.78
101.97670396109181,5.171446394205152,3,11,1,7,1,8,1,100.0
586.17319613973,4.418072021613068,0,12,1,5,1,7,8,100.0
592.5538020189856,8.770002846146427,4,12,2,9,1,3,9,91.44
437.0073255706624,5.671736066225963,4,6,0,2,4,5,8,85.75
349.49203782582504,5.312636898667579,0,9,5,3,0,0,3,61.97
227.14491279461697,1.2307785922579213,4,4,4,2,4,3,8,63.05
499.4493106417523,4.071230448635407,0,3,5,0,3,7,2,44.19
429.7548331790948,4.421760569072713,3,12,2,9,5,0,6,82.84
147.8131472462413,4.589405028072104,2,8,3,4,5,2,6,73.36
551.9006796266749,6.221551323045991,0,11,3,0,7,0,7,50.37
504.17011117851126,5.802422920541906,1,10,2,0,0,8,9,100.0
572.8919531776389,6.471145835141002,7,14,4,1,3,1,3,23.12
451.8885345297144,7.883949353879155,7,9,2,3,0,8,2,63.64
391.24420580532654,8.316871648444842,0,12,4,5,5,3,2,59.25
285.8512395969342,7.46310768603845,7,11,1,7,6,1,4,57.34
563.6733810111672,9.599713263594412,4,5,2,2,4,3,0,23.71
527.6745003302206,1.1640932440872547,6,9,4,0,1,9,9,78.84
84.41808185734229,2.7620018711519148,6,2,2,2,5,5,2,50.31
74.23816622851608,1.068065874803279,7,3,2,2,2,6,5,73.94
263.2902181141468,6.827272427391427,3,7,4,4,1,2,2,56.5
497.69879862218977,9.082274940549881,5,7,4,3,5,2,4,16.99
593.12910983007,3.1913406691866935,3,6,0,3,4,9,8,100.0
141.22512119590522,9.34331090316676,5,6,2,8,0,7,1,85.01
380.83058629015295,1.5424065126060476,6,2,3,6,6,4,1,31.49
265.6810625807516,9.409924241249628,6,10,2,3,6,3,5,43.03
583.7537748198857,4.16460418515671,0,6,2,2,1,6,5,97.15
514.7442184932827,1.9127874560429485,2,4,4,5,4,6,7,68.94
512.6975005440145,5.372845832676931,1,12,2,2,6,8,1,75.71
313.09430628928396,3.3109891094845714,3,3,5,5,6,8,8,60.22
284.0025312623392,3.5638561176573056,4,13,2,8,3,4,1,88.6
207.63981884258138,3.765609684336579,5,11,5,5,2,7,0,58.18
90.44276819150065,8.22723308049397,7,13,3,3,1,9,9,100.0
526.9500831777287,5.85245149007729,4,2,4,4,0,0,1,23.88
498.96654493024187,3.8017692924040327,2,1,2,5,6,8,6,71.54
599.8475435745105,6.493004049798265,5,11,5,2,3,7,7,50.12
598.1838920199089,7.445356068008742,3,11,5,7,4,5,4,43.5
359.9331210254188,3.453616006601804,0,5,5,3,6,2,5,46.04
475.25320419747567,4.7219419137281635,4,2,1,7,7,2,0,36.17
570.1734941365112,2.096974840032528,2,2,0,9,2,7,5,100.0
518.8095909658023,2.630344145812123,3,7,3,9,0,4,7,94.38
193.56797494132672,7.130060685684845,6,8,2,2,4,9,2,68.83
303.29383306745046,2.6329451292606425,6,13,1,9,4,6,0,87.25
129.7460841818073,5.726470453003541,3,10,2,6,1,4,3,100.0
575.1875547197101,7.381416355501894,3,8,2,8,6,7,0,49.24
387.33430260347524,1.9618923078526946,3,14,4,3,1,9,7,100.0
183.46711497186988,6.105809976660132,5,4,4,7,0,9,4,77.74
422.71836957916264,3.309065053312274,3,14,4,2,7,3,0,30.73
393.78924984726376,9.666341877138219,4,1,1,6,6,1,7,47.87
253.40786773773388,5.351910820479323,2,11,2,2,5,2,8,87.04
121.32109978779967,8.253932947976423,5,7,0,6,6,7,9,100.0
422.6495256201118,5.952038879406356,3,1,3,9,7,6,1,40.64
340.9661584880484,1.3907127956933725,1,11,4,9,5,1,8,99.47
477.05193153724525,6.698362380346201,7,4,4,5,4,5,7,32.98
340.8882906004764,9.562630079859913,1,8,2,1,1,8,6,100.0
520.1780101720117,6.414506381316981,2,2,2,2,2,3,2,48.21
358.0296929382222,8.372699734841111,6,6,1,5,6,8,1,53.24
362.9065046291086,8.957858170135669,0,13,1,3,2,1,6,100.0
533.3929454355064,3.0527179475403923,0,6,4,5,6,1,4,46.99
277.8807477546944,2.90840355917404,7,12,2,0,4,8,5,81.75
132.36822336334598,6.498828899658926,6,9,0,9,1,6,3,100.0
75.54264520920304,4.699256228260342,5,5,3,0,0,6,1,69.23
467.77411806375426,8.558751725800484,5,10,2,2,0,0,8,59.58
394.9671577308709,9.1002081105821,5,4,2,7,0,5,2,62.97
440.20307477358074,4.180792413724463,0,5,5,7,6,6,6,73.74
175.0006472148118,3.1318350307703384,1,12,1,3,6,5,7,100.0
133.6405968168557,8.024729637194756,0,12,3,5,2,5,1,100.0
67.85411946065624,3.4732543199332246,4,10,4,7,1,1,5,89.99
249.31728175556236,8.403528866623105,3,11,2,6,7,5,7,82.38
378.5555509015019,4.813644282838865,5,5,4,6,6,3,6,36.92
271.81178435385544,7.0079490936232345,1,8,2,3,1,8,2,92.09
296.2364578928137,1.8598178245120136,2,10,4,8,2,0,0,69.52
548.2456950266242,6.614733922089157,7,12,3,9,6,7,5,51.91
248.05795219258218,5.065909108635062,2,8,1,5,0,4,7,100.0
337.55432414629786,6.279476168579267,3,2,3,2,0,0,5,50.81
483.17262688021725,2.5121278697037708,1,7,5,4,4,3,4,52.02
274.1331024534859,7.631863704497639,0,8,0,4,5,0,7,96.13
395.9268181230517,8.765173697889058,0,11,1,4,3,5,1,91.48
525.6764027232424,2.9506582008169806,4,6,3,7,7,1,0,21.47
572.7411367751267,1.8614309996814555,4,5,5,8,5,4,0,29.23
139.41967970168048,1.2127472744170276,0,11,0,8,6,6,3,100.0
560.357317587207,6.777743503989394,2,9,5,5,1,1,5,45.4
325.7427982629506,6.463846324799027,7,13,2,5,6,5,8,70.46
199.4519696814375,5.92027671442663,5,3,2,8,1,5,0,70.29
307.9333083686611,3.087523865043779,2,12,4,3,1,4,0,74.91
589.2175906541576,4.518153963149632,7,13,1,5,5,4,4,62.59
326.0137707561496,6.350287016675558,4,13,2,3,3,2,9,87.29
237.52586955525445,5.470901729732525,3,10,5,0,4,9,4,64.82
402.0364613310319,9.890069681933985,7,4,1,6,5,9,4,52.81
189.67863414022426,2.227957773010598,0,9,2,9,3,1,9,100.0
100.96619717867851,7.256300986428344,4,6,4,5,0,6,5,83.99
129.5950498317506,4.638868912938629,4,8,3,8,0,0,7,91.98
129.14475303719712,4.853796534330533,5,7,4,6,1,5,2,64.12
142.02745449663894,7.458379890923586,0,11,0,6,2,5,8,100.0
134.96667323068147,7.231925361919327,5,2,2,1,6,2,0,22.1
406.0723621937359,9.921303943319694,0,3,0,8,6,1,3,68.08
158.2152455755382,2.155548605087127,5,1,0,9,1,1,8,100.0
246.66033299488612,1.936986844457497,7,9,5,8,2,8,7,76.2
544.2657413492464,7.51904935415867,2,13,1,5,7,4,9,82.27
315.93928574195104,6.205482253057681,3,7,5,2,3,6,8,58.42
420.4811788013547,3.4674459990382527,3,1,2,0,7,4,0,29.2
153.0527304488801,1.7147743209008794,0,3,0,3,7,6,8,100.0
163.8360701566822,1.770924246367875,1,4,3,2,0,3,2,95.05
82.06905278389858,9.047717871977065,6,4,0,0,7,7,9,72.82
151.22493405896887,2.726805922468686,4,5,3,2,6,9,8,81.22
210.43878307725765,3.9103440590396867,4,14,5,3,5,9,0,60.96
155.5856615094433,3.039907620042892,0,3,5,7,2,6,0,76.87
107.89936822881003,4.194966752487436,7,3,1,8,3,9,8,100.0
125.14337039432444,1.6248145847148403,5,1,0,2,0,4,5,100.0
308.8205347376719,5.671538118174434,1,7,4,5,7,5,3,53.28
171.42020793912795,1.6085130723299341,2,11,5,9,5,4,6,84.07
256.7057249659607,8.203208570401255,5,10,5,4,2,6,4,50.36
331.8453262616227,3.103408737193897,5,14,1,5,1,1,9,100.0
432.81320745985727,5.860107231440596,0,1,3,3,1,4,6,75.08
81.22855551419343,8.920711788053124,0,2,1,9,1,9,7,100.0
491.681615410883,6.8578963214247475,7,13,0,5,6,2,7,63.81
399.0662103250902,5.796620078962018,4,4,2,6,3,8,0,68.18
104.14987725239084,3.9190037780383804,0,13,2,8,1,5,7,100.0
531.7324570176597,3.9970172175237813,0,4,3,9,6,9,5,84.41
557.2710962871791,7.025382596783711,0,5,5,6,4,2,3,33.7
92.98209832162642,9.947254250990508,7,11,3,5,6,6,7,61.76
209.51392999949002,6.9565527086444074,4,2,5,0,0,3,2,32.81
495.34869108825313,6.020050756330225,2,4,5,1,6,2,3,12.22
464.0602328071755,7.575854592153215,2,1,2,0,3,7,5,59.55
159.64135045244376,5.186850510553463,6,2,3,8,5,3,6,52.68
173.04863460182355,1.541281083407067,6,1,1,9,7,0,3,50.11
260.0549355073463,6.0606713429011885,0,10,5,9,6,5,3,70.97
321.6424120031515,9.618627560548422,6,10,4,8,1,9,6,80.31
393.8575766263598,2.577726481218937,4,13,4,6,0,0,5,77.23
259.2133653676771,7.210044017385991,7,4,1,1,2,4,7,61.89
309.7687467118999,2.8084031979315083,2,4,4,5,1,6,0,72.71
463.63430659222854,5.822449160257731,5,7,0,3,0,5,9,99.23
79.80892956092286,1.8700880468204766,2,10,5,0,4,1,6,62.42
196.3159499457712,5.053338426323666,2,11,1,0,7,3,6,84.22
445.2087763776583,7.805469960057215,4,11,3,4,2,1,6,58.68
543.4116923510876,4.128143718150839,6,9,5,1,4,0,6,17.54
336.30581874245973,6.984205520384962,5,9,1,3,5,2,9,66.01
347.34128204327044,8.159049647107562,4,5,2,0,0,2,9,77.49
117.87288612347908,9.344600375315075,0,10,3,3,4,6,7,100.0
301.6026780846655,3.111778736699082,7,1,2,5,7,0,8,31.19
347.61332388571253,4.593843242283773,3,1,5,9,7,8,8,54.0
190.93407196275402,2.371744119973757,2,6,3,3,5,5,1,72.73
205.39134471266573,9.932351519425376,3,2,4,0,7,3,6,23.65
263.73344807649624,9.343008711318658,7,8,1,6,0,2,6,74.62
70.83844679997225,5.859614172525037,7,13,5,1,0,2,3,45.94
233.92274941491627,8.578299649387791,4,9,0,8,7,1,8,83.09
174.1819237781341,5.6886217954483795,4,13,3,2,4,1,7,73.23
236.8485701760739,6.612271192024838,4,4,3,7,0,9,0,82.08
124.67155118239566,1.8021198890441497,3,5,5,7,1,4,1,65.96
540.8847315995433,7.797433784471272,4,11,5,2,7,8,1,17.8
380.53992491918626,2.1494213527171135,7,8,2,3,0,1,7,73.03
426.71525233802436,8.434608672272756,0,3,4,1,3,1,0,31.82
486.15246884796267,8.038252789033473,4,5,2,3,5,5,3,38.9
329.15878742169093,7.378702279686788,1,3,2,8,7,9,9,99.03
106.9369555672088,1.325443424722859,6,12,4,1,0,1,4,71.11
350.0375325820158,3.7281552035079573,3,10,0,2,3,3,8,100.0
376.89420373127473,3.368013129197586,1,3,2,3,0,5,6,98.21
462.53731605953817,4.241227667243672,4,3,2,4,0,4,7,71.82
293.0961549640269,1.7887847208745469,7,13,3,0,4,0,8,56.31
128.89336350960443,9.432620407279565,0,12,4,6,1,5,6,100.0
213.2389891313112,5.9842201664113865,2,7,1,9,7,0,4,72.69
256.06444005526293,3.749718795922212,5,7,0,6,5,2,4,77.53
408.79531031906464,4.5728336536685505,6,7,0,8,7,9,9,95.89
368.2202845212124,5.024822864543521,5,10,4,3,1,4,5,54.84
252.29223198483697,6.405349000245556,4,8,5,5,2,9,4,76.59
592.7182343482091,5.6411148492684795,6,5,5,1,4,4,8,18.38
387.11840245271907,9.274527758929755,6,5,3,3,4,9,2,42.61
188.102467537437,5.472671346152472,0,14,3,1,1,5,2,100.0
114.96253521501802,9.929422133409814,6,4,4,9,6,9,6,63.17
142.54393515953927,8.662824619705862,3,7,3,4,4,7,6,82.77
192.81717332763438,2.8765946292160223,1,10,0,6,7,4,5,100.0
146.76794156016007,9.375356931795245,1,4,0,0,1,0,2,76.23
160.74619298770511,2.0472975809692846,1,2,1,9,4,4,6,100.0
213.95139109467743,8.357047376420724,3,4,5,9,0,2,4,55.97
153.6217414591676,4.4256096412892205,5,13,4,6,1,3,6,89.41
544.2533292982696,8.901768884005627,0,13,2,9,1,7,1,99.69
103.32622265728679,8.812510210967053,6,8,5,5,7,6,5,41.97
343.2361503679375,8.253328601058591,3,9,2,5,3,4,7,84.82
281.6142865744172,8.110273926763552,1,3,1,7,4,1,0,65.63
590.4844531306475,3.742112251882367,4,7,1,7,4,5,3,71.24
120.50100717074827,1.7282735474612696,2,14,3,5,1,5,0,100.0
274.84202348470046,4.626821608886453,6,12,1,2,0,9,0,91.42
583.5140339686992,2.561720634878578,3,14,1,4,0,9,9,100.0
527.3738479827493,7.254559800122156,7,9,2,1,5,5,7,44.62
501.21891831261115,4.11489753884007,3,11,3,4,0,8,6,100.0
199.26752660426752,9.780491807739233,0,4,1,8,4,7,9,100.0
152.27929719063553,6.768748696107988,0,10,5,9,6,7,0,70.95
421.06733875919275,8.40232507270925,3,3,1,0,3,0,1,33.75
561.8630341288963,2.192722054676636,1,5,3,9,1,4,3,83.83
360.65196222752206,8.758130340453603,2,1,4,4,2,6,0,35.51
368.6708523137459,9.30481471462055,6,3,3,5,3,5,2,38.98
211.18871057655346,5.3835572693704234,0,8,2,6,7,4,7,97.0
475.52618392364593,6.456276439758797,6,11,4,8,7,7,7,56.99
161.00362422106264,7.883288208126959,1,8,5,5,6,2,7,55.44
234.7867876582916,2.573547645343713,6,13,0,4,2,5,5,100.0
289.735676852865,5.523094688170982,4,4,3,6,3,4,5,72.16
334.1096044896057,4.587967249950818,0,2,2,0,0,7,4,91.16
190.90125550414334,2.317365929460242,1,13,5,4,4,3,8,94.13
122.01188535916991,4.307809800623783,1,8,4,1,6,7,3,72.29
389.7348229184816,1.6135507844694421,2,8,5,3,2,9,9,90.65
215.86049874973813,1.232307162545383,2,10,3,6,6,1,6,83.22
373.86863956821065,2.2164966023934047,4,4,1,4,3,8,0,79.37
143.35586624806925,9.668036004302564,1,3,3,5,4,8,8,90.69
319.81565500160144,5.945765823055153,5,2,0,1,6,9,6,77.62
347.59829357785634,9.69239945037898,1,9,3,2,2,9,9,97.23
87.98470988411053,4.892480904971188,2,1,4,6,1,5,8,88.33
241.7663102247171,3.806345197767336,5,7,4,1,3,3,6,54.71
132.58392554704608,5.555276765562197,0,5,3,5,1,3,1,86.34
94.22248405529459,4.955605197696191,0,8,4,4,0,5,5,100.0
594.5785254905704,1.9509821583556952,6,4,1,9,1,4,9,91.8
234.0710762863504,6.767436832211856,3,7,5,0,1,5,3,55.35
497.3322007615028,2.9443436425863965,2,13,3,9,5,6,2,85.82
197.50595357243247,6.576291594080466,3,5,1,3,3,6,1,78.6
428.0114700009218,6.85180983158338,5,14,5,1,0,8,5,70.7
470.5230443404307,2.368223678157833,2,5,5,3,1,7,7,74.4
381.64491992823594,1.5521466439960134,4,14,1,0,7,5,5,85.97
314.65114181708554,8.026854274615959,1,9,2,1,4,5,8,87.78
282.394093639525,5.138203813923882,4,9,3,7,2,4,4,85.92
248.38886393321746,1.523474159549282,5,13,5,5,1,0,1,54.64
561.9457378938259,9.953796854527905,2,9,5,1,0,8,7,62.87
508.5344802053737,1.5200250489672997,7,12,4,5,1,8,8,86.64
581.1145317599168,7.255317059726979,5,6,5,9,2,8,9,64.81
127.12050068219415,9.853110327370722,7,6,1,8,0,7,3,91.49
454.6684366099679,3.1526209379433308,1,5,5,6,3,9,5,81.63
566.7038466833604,2.2802443181847654,0,9,2,8,0,2,9,100.0
157.86585572945648,2.09246445480186,0,10,3,4,3,0,7,99.15
95.90798437805985,3.72947632810836,5,8,3,6,0,7,8,100.0
460.2051506166319,1.9094122990958202,3,7,5,6,7,6,4,46.17
370.2154811171524,7.229452075247187,2,7,0,2,6,4,5,80.09
514.5875394494669,1.5606261831705641,2,6,0,6,2,9,3,100.0
135.4770833781963,5.584799153348108,0,5,1,0,2,6,4,100.0
489.4443484043407,9.970271684676792,6,13,0,8,0,9,6,100.0
168.87875282578204,8.325732425554168,4,4,1,9,6,3,8,86.86
148.37420914748043,6.536974944079098,6,3,4,5,1,8,9,82.38
148.70353088273617,3.756282587079505,1,3,1,4,2,9,5,100.0
499.8703489249463,6.6150625266247465,4,6,0,6,7,1,5,57.24
419.20649917594807,5.743373175204865,4,4,5,4,3,8,7,53.56
342.4553293753244,4.834750455013343,5,12,4,9,3,8,3,84.08
253.76846142669135,2.1763933906617954,0,12,0,4,4,4,2,100.0
533.6882920390785,8.9794379371642,6,6,1,9,5,0,6,46.54
271.9203580082231,5.048061839391902,6,3,2,6,6,6,4,59.08
500.96369731465165,2.7516026063868857,0,4,3,9,5,9,1,79.74
297.13285062791795,4.309834157895606,6,9,0,6,5,9,1,84.13
263.5499918894501,4.727167772760343,7,5,1,2,3,3,5,60.49
309.8470842615875,8.447841060101869,0,13,4,2,7,8,7,83.92
222.74405204863672,7.6025294250526185,5,7,0,9,7,5,0,66.48
463.7090652951756,7.923744042772058,3,10,0,2,4,2,5,76.58
331.46901064993875,1.099281379857825,4,2,3,5,5,5,1,50.15
185.39485537928135,4.745385983617854,5,14,1,5,5,9,1,93.24
545.7702695682669,5.332097364717913,2,14,2,2,0,5,6,100.0
267.30125954153414,1.1727304914075103,1,5,4,2,0,4,9,100.0
353.51854500155383,3.3383188787053077,3,9,1,7,0,1,0,88.16
549.4949399208554,7.842608408099215,2,11,4,7,1,9,5,92.3
397.08851779355575,2.2339873515609914,4,3,0,6,5,9,6,95.03
123.12494198251659,5.817791183073325,6,14,3,9,7,1,7,71.61
567.5093467512766,2.9368168481551375,0,9,3,3,7,6,6,70.24
398.96234865856565,1.1090869717950396,4,14,5,3,1,1,5,62.49
240.8490319148265,3.1708131183958734,5,11,2,2,7,5,8,75.72
135.20691923822912,9.782863794190485,1,6,3,4,4,4,2,63.85
488.77360220595983,8.213834006946907,5,4,0,2,6,3,5,44.49
394.8392882013973,9.636189798889301,3,7,2,7,3,6,3,72.34
348.0689896672136,5.390686395337262,3,8,1,6,5,7,1,83.33
542.7019948475172,1.9876257880975317,1,6,3,2,7,3,0,35.93
485.8424940612466,5.931635400763237,7,5,2,8,3,0,0,22.09
141.90443505568564,5.089396011039648,2,6,0,4,7,0,9,95.15
228.32991660959604,8.599213744656543,2,5,5,8,6,0,2,26.87
194.1841354998115,1.8827432270582012,3,8,4,6,0,0,3,76.35
461.73099798924557,5.394170233196004,3,1,4,6,5,4,1,29.46
78.10751475732087,2.3504379822458583,6,11,0,5,2,3,0,94.99
367.74042983051095,3.9220833420105397,0,7,0,1,1,8,3,100.0
471.7276902999729,7.636213696490197,6,10,4,8,1,2,6,56.58
533.4534438513447,5.284163164318898,6,10,5,5,5,6,9,45.18
244.72414430659003,4.382994566311924,7,11,2,7,6,7,5,82.53
503.47894452288693,4.550286507130318,2,2,4,0,0,5,5,58.31
119.7411379558119,5.13502091565388,7,14,0,4,1,9,8,100.0
517.0842375366399,8.065148894533511,7,9,3,0,0,0,1,22.91
128.8438776592705,9.02876220046211,1,1,1,9,4,7,3,97.25
274.5351369025983,9.598012178535354,2,11,5,7,3,9,4,81.27
490.53949752095895,8.082130476297657,0,10,5,7,6,2,0,42.79
140.95541076833786,3.8386620617321148,5,6,3,0,2,7,7,81.45
183.7957534256264,7.193212354778879,3,9,3,8,3,3,7,88.47
450.0163869322558,4.938428116498527,3,1,0,1,3,7,5,80.97
448.8197297348801,3.2920355984144605,0,4,4,8,4,0,4,62.19
406.21972175806053,8.567844214833304,7,4,2,0,1,2,7,38.03
434.73216001223403,1.345837140660925,6,9,5,9,2,5,2,48.68
353.07119940770195,9.115857929218812,1,11,5,8,1,8,2,81.35
195.9714918097545,5.153297181622607,7,5,3,3,5,1,1,17.99
246.6758364921165,6.7348132912745236,3,5,4,8,3,0,4,51.92
158.06276707276987,6.934185299852045,4,6,5,6,5,9,2,56.74
550.5633031201593,9.056059666358827,6,1,2,5,0,2,2,29.69
375.03156917370507,6.730027139504866,3,1,3,4,3,3,5,46.51
276.4597650523655,6.525402262840556,4,9,2,8,1,4,7,100.0
309.4831339678317,1.5998683650462096,7,3,4,1,3,2,1,21.91
571.5330033903803,5.6656721975068365,0,4,5,1,0,9,3,61.01
142.8097576826833,2.3515210073533748,0,1,1,8,4,1,6,100.0
376.56410928907053,7.6369039184933705,6,9,5,2,5,1,0,3.35
333.17988659761164,5.60999728731407,3,8,4,7,7,6,0,47.98
390.1852871347098,7.12205001287518,2,2,5,8,5,8,9,70.9
69.77949926325388,1.3750561054214585,4,8,5,7,1,9,6,100.0
530.9469108298417,1.7631281444122289,1,7,0,3,3,1,6,92.86
563.3438725411506,7.4469104925641405,3,11,5,0,1,6,0,38.27
365.1719191381728,1.6487590239880603,1,6,5,3,4,6,0,52.19
436.1914448935218,1.6413105498873275,3,1,2,8,3,6,3,76.91
558.1496658357396,1.108976277113987,2,7,1,1,7,2,4,62.47
441.90886252923525,9.60851258469532,2,10,2,2,3,6,4,70.65
142.37108317370112,7.637575235131062,6,7,2,9,7,0,3,42.02
371.1957144900791,4.179262676518578,6,13,3,7,1,9,7,100.0
387.6261250467422,3.668820231588897,2,14,0,5,1,0,6,100.0
289.0305625032885,4.147329067712646,5,9,2,7,0,4,8,100.0
457.67988723735033,7.971881780630636,2,1,4,6,6,1,6,32.74
564.5581879752681,6.95233549963373,0,2,4,4,6,8,9,65.89
559.8069969696592,2.6667601108072114,0,11,5,8,4,6,0,71.18
303.45326055823136,2.5669840180067593,5,9,3,3,6,3,6,57.92
121.14854475400784,1.8855608474205758,7,13,0,5,0,3,0,100.0
591.8142474396607,6.942724477312043,4,9,0,1,5,1,6,65.45
513.0049666808045,7.8793539599956235,7,13,5,1,7,4,9,24.39
127.31784784976409,3.385417854925036,1,6,4,1,3,3,7,82.01
557.2546166133811,1.1885046492782152,7,6,1,9,1,0,8,78.93
529.7440355135493,1.739545007287846,3,4,3,6,3,7,2,64.94
340.17255084807897,9.710740313605275,7,4,5,1,3,2,3,8.73
379.2887353022618,3.659002997296782,3,5,3,1,2,5,3,63.26
275.46146008987034,7.923008330543203,5,3,4,8,5,3,8,47.56
89.57128496389691,6.621972119688374,0,1,4,6,2,8,6,95.77
241.0065104887865,4.437456756876063,6,1,1,2,6,6,2,50.37
493.54086224292615,2.851185359759996,3,12,1,2,3,8,9,100.0
62.50129242248554,2.092477763434658,0,13,0,6,7,9,4,100.0
240.08955271321787,6.5351167123498,4,7,3,4,1,2,6,74.65
275.0110945391094,7.971704025740092,1,1,3,9,7,0,7,49.78
350.19362558647833,6.795138281870176,4,1,4,5,3,4,0,29.45
556.7220328628907,5.772719199242425,5,3,0,7,5,2,1,45.98
247.02683695761908,1.3775610108847265,7,10,5,8,7,5,6,56.02
247.35472902396296,9.716398998349455,7,4,3,0,2,7,1,30.89
458.25067397926415,8.18842772489117,2,4,0,2,1,3,6,81.88
304.1976880804958,3.6353983303086825,2,2,0,6,3,4,8,100.0
181.28660438759027,9.819732964229656,2,1,4,5,4,4,1,36.29
304.31733871165443,6.416934306726899,4,3,0,6,5,3,6,80.96
136.06279100509192,6.241803923865218,3,11,1,7,5,3,3,96.36
155.2489727133606,7.732658614865789,1,4,1,5,4,3,1,78.73
329.11859727931903,8.305928092811238,2,3,2,2,7,3,6,53.6
286.21974273245587,6.9083074659835235,5,8,4,1,3,3,4,42.27
554.0167865767739,2.1528617172958002,5,14,5,6,5,4,0,34.71
255.69270552298187,4.044407553950485,2,10,2,0,1,1,4,83.13
373.51770915014345,9.352752762934447,7,1,1,2,3,1,2,21.69
401.4227154765464,3.0215405065946674,2,14,2,3,3,8,6,100.0
67.07100655770016,4.34950321453762,1,2,4,0,2,1,5,65.74
418.31018088902374,4.888691946497763,2,13,4,4,5,5,7,77.19
156.13942210966576,4.95464490725007,1,7,0,9,5,1,4,100.0
578.9779714335058,6.5164562424507295,5,4,3,2,4,4,1,20.3
140.277872986681,9.487682539702368,2,8,0,1,2,3,8,100.0
283.8970268125928,3.1662344064925447,4,11,4,2,7,6,7,61.86
106.08882076246769,2.0935123867082623,6,13,1,7,6,6,5,100.0
598.3120959968115,2.777234408739436,4,3,5,5,7,5,9,36.74
331.185305578871,8.982324101883425,5,6,1,6,7,9,6,70.05
381.5079093528236,6.812297313896854,1,9,0,5,2,4,8,100.0
96.22129778975085,3.573161103152441,4,1,5,5,5,0,6,38.74
464.978654015556,8.343522450717554,1,1,4,2,3,2,2,26.91
173.34902027161633,8.752329967270924,4,8,1,7,2,8,5,100.0
544.9493162979854,8.618629048212503,4,3,4,6,4,0,6,24.21
170.77540586028385,9.27033880275599,1,5,5,6,2,4,1,53.52
162.97136915837996,3.270169181560254,3,1,5,5,4,1,2,36.36
79.73682063797123,7.795377358716505,4,5,1,4,7,3,3,57.74
314.9161503593996,5.14485547546726,2,11,4,9,6,0,9,78.15
365.01421196181286,8.577986976010553,6,6,2,7,2,2,5,64.61
95.48266529131027,7.5564160944545185,5,8,4,4,4,9,0,55.53
478.78491301530573,7.9880270184975215,3,13,5,8,2,6,8,82.69
304.7759707639349,6.905456539129643,1,14,4,8,6,9,4,90.77
343.17074543689324,2.596858925227362,3,3,0,0,7,2,6,67.77
298.01188334664323,5.905242270072445,0,3,2,5,2,3,8,94.49
276.41205287267604,9.862027655720574,0,12,3,6,1,1,8,100.0
362.2057789064377,9.43649259847407,4,11,0,2,4,2,0,56.4
143.82973280258477,1.388563622173105,4,11,3,6,6,8,0,79.41
158.24119046744642,2.483333341564934,2,10,1,6,4,2,2,94.03
525.3642353472993,2.1855589610910573,6,9,3,1,4,4,5,48.83
570.9023495521617,7.53381918986766,5,4,4,6,0,1,1,22.88
261.5870307910666,8.360067968712507,3,4,3,0,6,3,9,52.86
206.20212349751904,2.9216022967960473,0,12,5,4,2,6,0,84.81
407.7597533490685,5.552674236566461,4,7,0,8,4,6,0,80.16
280.7164523929721,8.5663272521008,7,2,0,6,5,2,4,48.27
73.70863205658623,7.595213902896255,7,8,3,6,0,4,3,68.84
144.3224025777428,5.880134849426635,5,6,0,1,1,0,0,66.65
446.62500357759467,6.313129214128956,3,3,5,7,4,9,3,54.63
415.81892863148175,5.57524492224652,4,9,0,2,7,9,2,72.72
74.63183595188109,3.677936061869385,4,5,3,7,4,9,1,86.43
179.8649674437927,6.085197935731145,0,8,2,2,0,0,8,100.0
184.78039015755854,7.199967718450816,0,7,2,9,2,4,0,93.91
422.82208154331335,8.859906242747268,4,14,1,6,5,9,6,93.77
70.64369038735664,6.726622185813232,1,8,0,1,7,8,3,100.0
116.21863427166988,7.850093833388422,4,7,3,3,1,0,4,60.85
491.95468610152227,2.4406447145911567,5,3,0,5,7,0,9,66.13
156.41411750934014,5.154017269778109,4,2,4,8,4,3,4,54.98
412.48289824001233,1.0839845784438396,2,7,5,4,2,3,0,47.8
188.61870176523232,3.220109780694607,6,3,0,8,6,1,5,66.69
113.69835209004638,7.5381554360170435,2,3,0,4,5,8,8,100.0
191.3129831397052,9.926289562144271,2,2,2,9,6,8,1,67.87
450.02414320205594,1.8926028962849433,1,4,5,7,5,1,6,51.85
522.0760927773943,4.613448842751595,1,8,3,0,1,8,5,89.54
508.31872686617544,8.200638718292435,7,12,0,6,3,5,4,72.73
274.4791059939656,2.8363207116600897,4,1,2,3,5,7,3,62.47
420.76597374814895,5.995764543720576,2,1,1,4,3,9,3,82.92
170.6915195245433,7.597641664267073,1,12,5,5,6,3,5,67.32
218.29977434094715,6.543869052341611,0,14,2,4,5,1,3,89.77
544.0213420014047,2.692222611538745,4,5,2,0,1,1,4,51.75
67.02103869579746,4.198461118171655,5,11,2,8,0,8,5,100.0
106.17460666141275,8.054126060368574,6,5,0,1,1,0,4,67.47
172.25857777885477,5.98803862718815,3,11,0,8,1,6,6,100.0
74.32739009186264,1.0470665218862147,4,12,1,9,0,2,8,100.0
157.97513494849056,7.848916840252844,3,1,4,1,0,2,9,72.08
374.84244292363377,1.3178021944621516,2,6,4,8,2,1,6,74.97
287.56925731994886,7.711604044581089,6,1,4,5,5,9,6,42.88
542.0427239815665,2.8223250414871366,3,5,5,8,6,5,3,35.64
501.4195233387581,9.622661321074421,2,9,5,5,2,9,0,54.86
244.58136991685302,4.31146676171876,0,12,1,5,0,1,7,100.0
200.08865405289794,3.942384547042712,3,14,5,1,3,9,3,80.64
265.0339004103241,2.339992452992002,6,5,4,7,6,3,0,26.31
378.7592689579962,3.750437939411934,7,6,4,2,3,9,4,49.84
204.7543660443532,8.889856856453804,4,8,2,6,1,8,7,100.0
397.0404102385324,9.967009038645227,2,11,5,4,4,8,3,57.64
281.08229218326983,4.314785774561635,4,1,0,2,1,5,7,97.93
358.1054776600693,5.037495678590883,6,14,0,0,1,3,7,92.27
295.50832573307105,7.498638443824634,1,2,2,7,4,6,2,70.63
219.01151015263554,8.97576202418567,2,9,2,2,5,0,8,75.84
572.1647857595647,6.337399007681057,3,3,2,1,0,3,2,48.88
472.34712884627083,4.523731283600464,2,6,0,0,3,4,0,72.74
135.66111491388438,4.713596567637614,4,5,4,3,1,7,1,67.33
528.972706984873,7.260563318471262,0,11,2,7,4,1,5,80.54
323.2128470547374,1.0289643724385082,2,2,1,2,2,4,9,100.0
543.0582025228093,6.576304037138566,3,14,2,0,1,5,1,68.04
491.9218382115502,4.199437093972216,1,7,3,3,3,4,5,73.4
289.6152924133861,8.147775981493758,7,4,2,8,0,8,0,65.08
72.13342649286339,1.8369157584081894,5,1,0,0,1,9,0,88.76
205.0857740678709,6.2938204025355144,0,13,5,1,1,0,4,74.17
352.4824759168681,5.328756008975113,7,4,2,8,5,2,9,56.93
402.0782387061195,6.780929733147047,1,6,5,1,7,1,8,33.86
199.25935013392925,1.5836823503467152,2,7,3,2,4,2,7,78.24
135.25227999932503,6.219854086853181,4,7,1,6,2,9,2,100.0
510.8623278716215,6.053361291635714,6,14,5,2,2,8,2,48.98
591.5771775799182,6.045940849745539,4,7,4,8,6,8,0,39.22
343.87269844345036,6.431388999368093,7,3,2,5,0,9,2,67.03
152.70681435808388,7.08821143503726,3,6,3,2,6,1,0,29.0
207.04595632045923,8.244900997126928,4,13,3,8,3,2,7,92.02
69.93096533563204,3.428386481153929,0,8,5,0,0,3,0,74.46
553.7213555426695,8.425444691620559,4,4,1,9,1,8,4,83.22
123.58558476067621,5.484301140371082,3,13,0,2,7,2,8,100.0
371.3188967776969,1.6935245122089806,5,8,2,0,1,6,6,88.55
207.98981917109126,1.5269583631958128,2,2,3,1,2,2,3,65.48
359.25612135852845,4.008144868264547,6,10,1,7,3,6,8,100.0
411.7670097100067,8.064072794003208,7,9,4,6,4,6,8,55.53
508.0605740018889,7.369128412668242,2,9,3,1,3,8,1,57.63
171.46748675072573,8.09753468205166,4,8,1,1,1,1,9,89.21
65.93774747557946,5.655421507974484,1,10,0,8,4,5,9,100.0
133.91824023715594,4.961790981599415,2,14,0,5,3,8,5,100.0
546.0100665979767,2.3270727403565554,5,13,3,4,7,1,3,36.6
531.9006418837582,3.953734782483804,4,10,3,9,7,1,7,51.21
382.60307517196645,4.9061742955648775,6,1,5,5,3,4,6,29.63
384.2791046341728,1.797403867116555,3,2,2,8,4,9,6,94.29
419.11980425497796,2.985507574400901,5,6,1,6,1,9,9,100.0
154.70049045666278,6.384027646573649,4,10,3,9,3,9,8,100.0
553.7824507994783,7.620968028152708,5,5,2,9,4,7,4,57.78
286.1360834417195,9.985127602536547,2,12,5,8,5,8,5,81.6
266.8948052547286,9.39801998209202,6,14,2,3,7,1,0,36.46
340.21556085273227,6.783086795816724,3,9,3,1,5,4,5,53.94
85.36162205852972,4.791232479646649,4,5,0,7,1,6,1,100.0
149.79301912828288,6.725596282374094,0,2,1,3,4,5,5,93.86
458.53815287024,8.070864562722088,7,10,1,8,5,5,8,73.32
104.71128067956829,2.065025718310486,3,4,0,3,4,6,7,100.0
385.70213911184965,4.689144007266594,0,9,3,7,3,2,8,95.36
192.48851922791332,8.558220570720554,5,1,1,8,1,2,9,90.21
270.2196315826674,4.4544965673973955,1,11,3,8,5,9,7,100.0
215.89461785617794,6.146850441044679,3,1,5,9,6,8,2,46.48
252.06326689107254,6.289924247759784,5,12,3,3,3,7,7,81.9
448.28478879949256,2.6602862782027543,0,7,2,0,7,4,5,66.58
220.44572643651452,4.260118974870595,2,11,0,2,6,5,5,97.53
365.8585057603245,4.01060159867739,2,3,3,8,6,9,5,79.72
317.06721718751385,1.235770376788583,1,10,5,3,0,0,2,65.09
418.38242929583,1.217725875022197,7,2,4,4,0,9,9,74.85
565.8880592353694,8.485273393081961,3,9,0,6,1,0,0,69.85
455.58893249353514,3.457637289755312,3,3,1,4,5,3,3,62.9
176.06780443900865,5.662708896149339,3,2,2,3,5,1,9,68.77
76.83889293309372,3.6885301622989575,7,12,1,1,5,6,5,84.52
201.62258392190554,9.466113206038065,5,8,5,1,4,1,9,43.63
381.3420825781376,3.3336708297919637,6,10,5,3,3,9,1,49.83
87.76993928149518,4.866911314650416,6,6,1,9,5,1,6,77.89
328.03777348866765,8.854572254361416,1,6,0,9,3,4,6,100.0
382.29513841512016,8.577402101126278,3,10,1,8,1,3,3,91.91
240.49170104115885,2.674912760616496,5,11,3,7,6,7,3,78.11
476.29259002274387,8.223789788161394,2,7,1,2,5,3,0,46.84
117.56305669223677,5.123681980641034,0,7,2,8,1,5,1,100.0
100.57440213733673,5.346719848768197,5,11,2,4,5,4,8,88.19
453.2219283499458,2.201319751743494,7,13,4,2,0,1,9,65.38
327.56531075134717,1.7254136238141218,6,6,2,4,2,7,7,80.71
431.73729407097744,7.551453762763886,6,4,1,9,1,1,7,70.64
294.80676284602293,5.468150371197698,2,11,2,3,5,8,8,100.0
193.0570979491177,4.931656323536616,2,9,0,7,7,8,6,100.0
502.31525154406785,7.5655740578715704,7,6,2,4,2,2,8,50.91
491.6845746432488,7.889616090919988,0,4,3,9,1,3,9,91.37
435.13609426139044,2.430173509024182,2,12,0,7,7,7,1,98.46
206.95837410417985,6.492026345298772,1,3,4,8,7,8,5,72.02
378.72456010930705,2.2181867404991698,0,4,3,3,4,2,2,59.81
254.92590434761448,7.762375774261411,2,3,1,6,7,4,5,74.73
109.45431959638245,6.912596406404256,4,2,1,1,5,7,2,68.49
555.3493307496111,9.609531589751121,5,14,1,5,4,2,7,67.2
133.88206069623917,1.6206221472077906,2,5,3,7,0,6,3,100.0
573.1281710632334,1.5134924903612887,1,2,3,6,5,7,9,84.93
300.8431173972961,3.539683672238801,3,6,3,6,6,9,5,82.81
